M-01,Jarin,Subha,jarin@gmail.com,a665a45920422f9d417e4867efdc4fb8a04a1f3fff1fa07e998e86f7f7a27ae3,01924129777,10/04/2004,Female,Mirpur,23,50,160.0,T-02,StrengthBuilding
M-03,Sanjana,Afreen,sanjana@gmail.com,a665a45920422f9d417e4867efdc4fb8a04a1f3fff1fa07e998e86f7f7a27ae3,01816213837,10/04/2004,Female,Dhaka,22,70,161.0,T-04,StrengthBuilding
M-04,Adrita,Ahsan,adrita@gmail.com,a665a45920422f9d417e4867efdc4fb8a04a1f3fff1fa07e998e86f7f7a27ae3,01745191964,01/01/2001,Female,Dhaka,22,51,5.5,T-02,StrengthBuilding
M-05,Dilruba,Jahan,dilruba@gmail.com,a665a45920422f9d417e4867efdc4fb8a04a1f3fff1fa07e998e86f7f7a27ae3,01712658830,24/10/1999,Female,Dhaka,30,68,5.3,T-04,WeightLoss
M-06,Nishat,Tasneem,nishat@gmail.com,a665a45920422f9d417e4867efdc4fb8a04a1f3fff1fa07e998e86f7f7a27ae3,01766661234,10/04/2003,Female,Uttara,21,70,5.3,T-02,WeightLoss
M-07,abc,dwf,a@gmail.com,a665a45920422f9d417e4867efdc4fb8a04a1f3fff1fa07e998e86f7f7a27ae3,01728900827,01/01/2001,Male,nvdns,22,50,4.1,T-04,StrengthBuilding
M-08,Aboni,Newaz,aboni@gmail.com,a665a45920422f9d417e4867efdc4fb8a04a1f3fff1fa07e998e86f7f7a27ae3,01875928471,02/12/2001,Female,Dhaka,20,45,5.1,T-02,StrengthBuilding
M-09,qjkwnl,hfjszh,awkjk@gmail.com,a665a45920422f9d417e4867efdc4fb8a04a1f3fff1fa07e998e86f7f7a27ae3,01745191964,01/01/2001,Female,dhaka,21,30,4.8,T-04,StrengthBuilding
M-10,Ayesha,Mashiat,ayesha@gmail.com,a665a45920422f9d417e4867efdc4fb8a04a1f3fff1fa07e998e86f7f7a27ae3,01745191964,01/01/2002,Female,Dhaka,22,70,5.8,T-06,WeightLoss
M-11,Sneha,Senmoni,sneha@gmail.com,a665a45920422f9d417e4867efdc4fb8a04a1f3fff1fa07e998e86f7f7a27ae3,01924129777,10/04/2004,Female,Dhaka,22,50,156.0,T-04,StrengthBuilding
